filename,file_size,file_attributes,region_count,region_id,region_shape_attributes,region_attributes
5-souv2-024.jpg,1784773,"{}",8,0,"{""name"":""rect"",""x"":321,""y"":315,""width"":974,""height"":156}","{""text"":""1. HERZOG RUDOLF (RADULF)\n(Scheibe aus Königsfelden.)""}"
5-souv2-024.jpg,1784773,"{}",8,1,"{""name"":""rect"",""x"":1287,""y"":419,""width"":699,""height"":162}","{""text"":""2. LÜTRINGEN.\n(a.d. Züricher W.R.)\n""}"
5-souv2-024.jpg,1784773,"{}",8,2,"{""name"":""rect"",""x"":1003,""y"":44,""width"":1008,""height"":180}","{""text"":""SOUVERAINE.\nLOTHRINGEN.""}"
5-souv2-024.jpg,1784773,"{}",8,3,"{""name"":""rect"",""x"":219,""y"":146,""width"":350,""height"":102}","{""text"":""Bd. I.1.II.""}"
5-souv2-024.jpg,1784773,"{}",8,4,"{""name"":""rect"",""x"":2443,""y"":127,""width"":238,""height"":90}","{""text"":""Taf. 25.""}"
5-souv2-024.jpg,1784773,"{}",8,5,"{""name"":""rect"",""x"":2007,""y"":434,""width"":794,""height"":101}","{""text"":""3. hry vo lotringe. (aus Gelre.)""}"
5-souv2-024.jpg,1784773,"{}",8,6,"{""name"":""rect"",""x"":1680,""y"":1556,""width"":962,""height"":165}","{""text"":""5. HERZOG von LOTHRINGEN.\n(nach Grünenberg.)""}"
5-souv2-024.jpg,1784773,"{}",8,7,"{""name"":""rect"",""x"":456,""y"":2580,""width"":643,""height"":119}","{""text"":""4. Hersych van Bayer""}"
5-souv2-075.jpg,1477560,"{}",7,0,"{""name"":""rect"",""x"":213,""y"":192,""width"":404,""height"":86}","{""text"":""Bd. I. 1. II.""}"
5-souv2-075.jpg,1477560,"{}",7,1,"{""name"":""rect"",""x"":963,""y"":85,""width"":1028,""height"":181}","{""text"":""SOUVERAINE.\nPOMMERN.""}"
5-souv2-075.jpg,1477560,"{}",7,2,"{""name"":""rect"",""x"":2483,""y"":186,""width"":269,""height"":81}","{""text"":""Taf. 76.""}"
5-souv2-075.jpg,1477560,"{}",7,3,"{""name"":""rect"",""x"":523,""y"":281,""width"":888,""height"":150}","{""text"":""1. HERZOG PHILIPP, I.\n1551.""}"
5-souv2-075.jpg,1477560,"{}",7,4,"{""name"":""rect"",""x"":1962,""y"":529,""width"":692,""height"":279}","{""text"":""2. wenden\naus dem St. Gallener\nWappenbuch.""}"
5-souv2-075.jpg,1477560,"{}",7,5,"{""name"":""rect"",""x"":677,""y"":2337,""width"":771,""height"":373}","{""text"":""Stettin\na.d. Puchberg´schen\nW.B.""}"
5-souv2-075.jpg,1477560,"{}",7,6,"{""name"":""rect"",""x"":2349,""y"":2228,""width"":388,""height"":190}","{""text"":""aus dem\nWernigeroder\nW.B. Theil II""}"
6-souv3-076.jpg,2123559,"{}",6,0,"{""name"":""rect"",""x"":1024,""y"":113,""width"":1077,""height"":107}","{""text"":""SOUVERAINE.""}"
6-souv3-076.jpg,2123559,"{}",6,1,"{""name"":""rect"",""x"":261,""y"":203,""width"":386,""height"":84}","{""text"":""Bd. I.1.III.""}"
6-souv3-076.jpg,2123559,"{}",6,2,"{""name"":""rect"",""x"":2559,""y"":220,""width"":236,""height"":82}","{""text"":""Taf. 77.""}"
6-souv3-076.jpg,2123559,"{}",6,3,"{""name"":""rect"",""x"":1038,""y"":320,""width"":1100,""height"":296}","{""text"":""1. HEINRICH PRINZ der NIEDERLANDE,\nHERZOG von MECKLENBURG.\nVerordgn. v.1901-1907.\n(berechtigt.)""}"
6-souv3-076.jpg,2123559,"{}",6,4,"{""name"":""rect"",""x"":269,""y"":2815,""width"":778,""height"":137}","{""text"":""2. REICHSWAPPEN der NIEDERLANDE.\n(nach modernem Aufrisse.)""}"
6-souv3-076.jpg,2123559,"{}",6,5,"{""name"":""rect"",""x"":1974,""y"":2906,""width"":747,""height"":86}","{""text"":""3. Der PRINZ v. ORANIEN.""}"
9-souvad-125.jpg,1126461,"{}",9,0,"{""name"":""rect"",""x"":750,""y"":17,""width"":1207,""height"":137}","{""text"":""EIDGENOSSENSCHAFT.""}"
9-souvad-125.jpg,1126461,"{}",9,1,"{""name"":""rect"",""x"":101,""y"":166,""width"":221,""height"":72}","{""text"":""Bd I2.""}"
9-souvad-125.jpg,1126461,"{}",9,2,"{""name"":""rect"",""x"":2453,""y"":148,""width"":202,""height"":65}","{""text"":""Taf126.""}"
9-souvad-125.jpg,1126461,"{}",9,3,"{""name"":""rect"",""x"":421,""y"":270,""width"":331,""height"":89}","{""text"":""BASEL.""}"
9-souvad-125.jpg,1126461,"{}",9,4,"{""name"":""rect"",""x"":1991,""y"":211,""width"":472,""height"":88}","{""text"":""FREIBURG.""}"
9-souvad-125.jpg,1126461,"{}",9,5,"{""name"":""rect"",""x"":1100,""y"":1003,""width"":552,""height"":93}","{""text"":""SOLOTHURN.""}"
9-souvad-125.jpg,1126461,"{}",9,6,"{""name"":""rect"",""x"":206,""y"":1913,""width"":714,""height"":108}","{""text"":""SCHAFFHAUSEN.""}"
9-souvad-125.jpg,1126461,"{}",9,7,"{""name"":""rect"",""x"":1979,""y"":1884,""width"":541,""height"":93}","{""text"":""APPENZELL.""}"
9-souvad-125.jpg,1126461,"{}",9,8,"{""name"":""rect"",""x"":1188,""y"":2733,""width"":512,""height"":97}","{""text"":""ST.GALLEN.""}"
11-gf-032.jpg,1705969,"{}",7,0,"{""name"":""rect"",""x"":690,""y"":4,""width"":1487,""height"":78}","{""text"":""HOHER ADEL DEUTSCHLANDS.""}"
11-gf-032.jpg,1705969,"{}",7,1,"{""name"":""rect"",""x"":209,""y"":87,""width"":562,""height"":74}","{""text"":""Bd.I.3. II. Abth.""}"
11-gf-032.jpg,1705969,"{}",7,2,"{""name"":""rect"",""x"":2400,""y"":92,""width"":255,""height"":65}","{""text"":""Taf.32.""}"
11-gf-032.jpg,1705969,"{}",7,3,"{""name"":""rect"",""x"":131,""y"":211,""width"":1241,""height"":187}","{""text"":""LAMBERT FRANZ v. HARRACH\n1650.""}"
11-gf-032.jpg,1705969,"{}",7,4,"{""name"":""rect"",""x"":1638,""y"":215,""width"":1030,""height"":85}","{""text"":""Graf z. HARRACH 17.Jhrh.""}"
11-gf-032.jpg,1705969,"{}",7,5,"{""name"":""rect"",""x"":181,""y"":2056,""width"":549,""height"":120}","{""text"":""CARL FRH. v.""}"
11-gf-032.jpg,1705969,"{}",7,6,"{""name"":""rect"",""x"":2032,""y"":2053,""width"":640,""height"":105}","{""text"":""HARRACH,1595""}"
12-fsta-159.jpg,1509634,"{}",7,0,"{""name"":""rect"",""x"":782,""y"":2,""width"":1535,""height"":72}","{""text"":""HOHER ADEL DEUTSCHLANDS.""}"
12-fsta-159.jpg,1509634,"{}",7,1,"{""name"":""rect"",""x"":262,""y"":87,""width"":373,""height"":57}","{""text"":""Bd.I.3. III.""}"
12-fsta-159.jpg,1509634,"{}",7,2,"{""name"":""rect"",""x"":2594,""y"":70,""width"":247,""height"":67}","{""text"":""Taf. 160""}"
12-fsta-159.jpg,1509634,"{}",7,3,"{""name"":""rect"",""x"":1278,""y"":190,""width"":618,""height"":141}","{""text"":""LAMBERG.""}"
12-fsta-159.jpg,1509634,"{}",7,4,"{""name"":""rect"",""x"":493,""y"":340,""width"":455,""height"":114}","{""text"":""n.d.Dipl. v.""}"
12-fsta-159.jpg,1509634,"{}",7,5,"{""name"":""rect"",""x"":2001,""y"":329,""width"":494,""height"":91}","{""text"":""5. IX. 1641.""}"
12-fsta-159.jpg,1509634,"{}",7,6,"{""name"":""rect"",""x"":1158,""y"":2187,""width"":755,""height"":126}","{""text"":""DELLA SCALA.""}"
13-fstb-102.jpg,1494709,"{}",6,0,"{""name"":""rect"",""x"":604,""y"":71,""width"":1890,""height"":100}","{""text"":""HOHER ADEL DEUTSCHLANDS.""}"
13-fstb-102.jpg,1494709,"{}",6,1,"{""name"":""rect"",""x"":142,""y"":181,""width"":409,""height"":63}","{""text"":""Bd I.3.III. B.""}"
13-fstb-102.jpg,1494709,"{}",6,2,"{""name"":""rect"",""x"":2376,""y"":158,""width"":231,""height"":63}","{""text"":""Taf.105.""}"
13-fstb-102.jpg,1494709,"{}",6,3,"{""name"":""rect"",""x"":263,""y"":340,""width"":2047,""height"":296}","{""text"":""Fürsten WREDE.\nn.d.k.Bayer. Fürstendiplom v. 3. Januar 1819.""}"
13-fstb-102.jpg,1494709,"{}",6,4,"{""name"":""rect"",""x"":288,""y"":2206,""width"":1112,""height"":203}","{""text"":""Grafen v. WREDE.\nkgl. Franz. Dipl. 15.Aug.1809.""}"
13-fstb-102.jpg,1494709,"{}",6,5,"{""name"":""rect"",""x"":2022,""y"":1881,""width"":632,""height"":363}","{""text"":""Freherrn v. WREDE\nDipl. d.d. München\n12. März\n1791.""}"
14-fstc-279.jpg,1354211,"{}",4,0,"{""name"":""rect"",""x"":889,""y"":45,""width"":1111,""height"":127}","{""text"":""HOHER ADEL.""}"
14-fstc-279.jpg,1354211,"{}",4,1,"{""name"":""rect"",""x"":227,""y"":195,""width"":472,""height"":95}","{""text"":""Bd. I.3. III.C.""}"
14-fstc-279.jpg,1354211,"{}",4,2,"{""name"":""rect"",""x"":2431,""y"":159,""width"":331,""height"":100}","{""text"":""Taf.280.""}"
14-fstc-279.jpg,1354211,"{}",4,3,"{""name"":""rect"",""x"":975,""y"":317,""width"":984,""height"":313}","{""text"":""NEY\nFürst v.d. Moskwa.\n(seit 7.IX. 1812)""}"
23-sa-017.jpg,1525000,"{}",12,0,"{""name"":""rect"",""x"":1177,""y"":47,""width"":788,""height"":188}","{""text"":""SAECHSISCHER-ADEL\nFREIHERREN.""}"
23-sa-017.jpg,1525000,"{}",12,1,"{""name"":""rect"",""x"":230,""y"":131,""width"":183,""height"":75}","{""text"":""BdII.""}"
23-sa-017.jpg,1525000,"{}",12,2,"{""name"":""rect"",""x"":2655,""y"":174,""width"":155,""height"":63}","{""text"":""Taf18""}"
23-sa-017.jpg,1525000,"{}",12,3,"{""name"":""rect"",""x"":600,""y"":263,""width"":216,""height"":47}","{""text"":""WITZLEBEN""}"
23-sa-017.jpg,1525000,"{}",12,4,"{""name"":""rect"",""x"":1402,""y"":253,""width"":260,""height"":68}","{""text"":""WOLFF(1630.)""}"
23-sa-017.jpg,1525000,"{}",12,5,"{""name"":""rect"",""x"":2212,""y"":256,""width"":288,""height"":66}","{""text"":""WOLFF (STAMW.)""}"
23-sa-017.jpg,1525000,"{}",12,6,"{""name"":""rect"",""x"":629,""y"":1163,""width"":131,""height"":56}","{""text"":""WOLFF""}"
23-sa-017.jpg,1525000,"{}",12,7,"{""name"":""rect"",""x"":1391,""y"":1173,""width"":239,""height"":59}","{""text"":""WOLFSKEEL.""}"
23-sa-017.jpg,1525000,"{}",12,8,"{""name"":""rect"",""x"":2256,""y"":1170,""width"":227,""height"":63}","{""text"":""WOLZOGEN.""}"
23-sa-017.jpg,1525000,"{}",12,9,"{""name"":""rect"",""x"":537,""y"":2071,""width"":298,""height"":63}","{""text"":""WOLZOGEN(1606.)""}"
23-sa-017.jpg,1525000,"{}",12,10,"{""name"":""rect"",""x"":1456,""y"":2085,""width"":181,""height"":49}","{""text"":""ZIEGESAR.""}"
23-sa-017.jpg,1525000,"{}",12,11,"{""name"":""rect"",""x"":2223,""y"":2085,""width"":209,""height"":54}","{""text"":""WOLZOGEN""}"
33-prgf-045.jpg,1651545,"{}",15,0,"{""name"":""rect"",""x"":1080,""y"":2,""width"":905,""height"":143}","{""text"":""PREUSSISCHER-ADEL.\nFREIHERREN.""}"
33-prgf-045.jpg,1651545,"{}",15,1,"{""name"":""rect"",""x"":203,""y"":88,""width"":215,""height"":62}","{""text"":""Bd.III1.""}"
33-prgf-045.jpg,1651545,"{}",15,2,"{""name"":""rect"",""x"":2702,""y"":81,""width"":182,""height"":69}","{""text"":""Taf46.""}"
33-prgf-045.jpg,1651545,"{}",15,3,"{""name"":""rect"",""x"":491,""y"":187,""width"":415,""height"":69}","{""text"":""CHAMBRIER. (1737.)""}"
33-prgf-045.jpg,1651545,"{}",15,4,"{""name"":""rect"",""x"":1380,""y"":189,""width"":321,""height"":58}","{""text"":""CARNAP STW.""}"
33-prgf-045.jpg,1651545,"{}",15,5,"{""name"":""rect"",""x"":2197,""y"":189,""width"":401,""height"":65}","{""text"":""CHAMBRIER (1751""}"
33-prgf-045.jpg,1651545,"{}",15,6,"{""name"":""rect"",""x"":630,""y"":1094,""width"":134,""height"":69}","{""text"":""CLER.""}"
33-prgf-045.jpg,1651545,"{}",15,7,"{""name"":""rect"",""x"":1371,""y"":1098,""width"":318,""height"":72}","{""text"":""COCCEJI.(STW.)""}"
33-prgf-045.jpg,1651545,"{}",15,8,"{""name"":""rect"",""x"":2282,""y"":1098,""width"":198,""height"":51}","{""text"":""COCCEJI.""}"
33-prgf-045.jpg,1651545,"{}",15,9,"{""name"":""rect"",""x"":581,""y"":2012,""width"":279,""height"":67}","{""text"":""COELS.(STW.)""}"
33-prgf-045.jpg,1651545,"{}",15,10,"{""name"":""rect"",""x"":1408,""y"":2010,""width"":196,""height"":53}","{""text"":""CLOOTS.""}"
33-prgf-045.jpg,1651545,"{}",15,11,"{""name"":""rect"",""x"":2187,""y"":2007,""width"":461,""height"":55}","{""text"":""COELS v.d.BRÜGGEN.""}"
33-prgf-045.jpg,1651545,"{}",15,12,"{""name"":""rect"",""x"":600,""y"":2921,""width"":187,""height"":53}","{""text"":""COLLAS.""}"
33-prgf-045.jpg,1651545,"{}",15,13,"{""name"":""rect"",""x"":1366,""y"":2917,""width"":288,""height"":58}","{""text"":""COLLENBACH.""}"
33-prgf-045.jpg,1651545,"{}",15,14,"{""name"":""rect"",""x"":2271,""y"":2919,""width"":245,""height"":58}","{""text"":""CORNBERG.""}"
34-pr-270.jpg,1509116,"{}",15,0,"{""name"":""rect"",""x"":752,""y"":5,""width"":1493,""height"":216}","{""text"":""PREUSSISCHER ADEL.\nEDELLEUTE.""}"
34-pr-270.jpg,1509116,"{}",15,1,"{""name"":""rect"",""x"":284,""y"":152,""width"":305,""height"":75}","{""text"":""Bd.III.2.""}"
34-pr-270.jpg,1509116,"{}",15,2,"{""name"":""rect"",""x"":2472,""y"":145,""width"":300,""height"":68}","{""text"":""Taf.365.""}"
34-pr-270.jpg,1509116,"{}",15,3,"{""name"":""rect"",""x"":525,""y"":279,""width"":293,""height"":61}","{""text"":""QUEDNOW.""}"
34-pr-270.jpg,1509116,"{}",15,4,"{""name"":""rect"",""x"":1383,""y"":270,""width"":241,""height"":63}","{""text"":""QUEISS.""}"
34-pr-270.jpg,1509116,"{}",15,5,"{""name"":""rect"",""x"":2231,""y"":272,""width"":300,""height"":61}","{""text"":""QUENTEL.""}"
34-pr-270.jpg,1509116,"{}",15,6,"{""name"":""rect"",""x"":494,""y"":1226,""width"":352,""height"":61}","{""text"":""QUERNHEIM.""}"
34-pr-270.jpg,1509116,"{}",15,7,"{""name"":""rect"",""x"":1315,""y"":1226,""width"":349,""height"":56}","{""text"":""QUICKMANN.""}"
34-pr-270.jpg,1509116,"{}",15,8,"{""name"":""rect"",""x"":2238,""y"":1212,""width"":288,""height"":61}","{""text"":""QUILLFELD.""}"
34-pr-270.jpg,1509116,"{}",15,9,"{""name"":""rect"",""x"":436,""y"":2163,""width"":490,""height"":77}","{""text"":""QUINTUS-ICILIUS.""}"
34-pr-270.jpg,1509116,"{}",15,10,"{""name"":""rect"",""x"":1364,""y"":2158,""width"":312,""height"":70}","{""text"":""QUISTORP.""}"
34-pr-270.jpg,1509116,"{}",15,11,"{""name"":""rect"",""x"":2233,""y"":2142,""width"":412,""height"":70}","{""text"":""QUISTORP, and.""}"
34-pr-270.jpg,1509116,"{}",15,12,"{""name"":""rect"",""x"":525,""y"":3124,""width"":291,""height"":61}","{""text"":""QUITZOW.""}"
34-pr-270.jpg,1509116,"{}",15,13,"{""name"":""rect"",""x"":1380,""y"":3110,""width"":255,""height"":59}","{""text"":""QUOOSS.""}"
34-pr-270.jpg,1509116,"{}",15,14,"{""name"":""rect"",""x"":2262,""y"":3098,""width"":190,""height"":59}","{""text"":""RAAB.""}"
35-pre-174.jpg,1526782,"{}",15,0,"{""name"":""rect"",""x"":706,""y"":66,""width"":1386,""height"":208}","{""text"":""PREUSSISCHER ADEL.\n(EDELLEUTE, NACHTRÄGE.)""}"
35-pre-174.jpg,1526782,"{}",15,1,"{""name"":""rect"",""x"":152,""y"":213,""width"":346,""height"":71}","{""text"":""Bd.III.2.II.""}"
35-pre-174.jpg,1526782,"{}",15,2,"{""name"":""rect"",""x"":2449,""y"":180,""width"":272,""height"":78}","{""text"":""Taf.176.""}"
35-pre-174.jpg,1526782,"{}",15,3,"{""name"":""rect"",""x"":412,""y"":296,""width"":403,""height"":69}","{""text"":""KLIPSTEIN.""}"
35-pre-174.jpg,1526782,"{}",15,4,"{""name"":""rect"",""x"":1267,""y"":282,""width"":343,""height"":66}","{""text"":""KLUGEN.""}"
35-pre-174.jpg,1526782,"{}",15,5,"{""name"":""rect"",""x"":2111,""y"":253,""width"":256,""height"":90}","{""text"":""KÖNIG.""}"
35-pre-174.jpg,1526782,"{}",15,6,"{""name"":""rect"",""x"":479,""y"":1255,""width"":313,""height"":78}","{""text"":""KÖRBER""}"
35-pre-174.jpg,1526782,"{}",15,7,"{""name"":""rect"",""x"":1426,""y"":1244,""width"":313,""height"":81}","{""text"":""KORN. II.""}"
35-pre-174.jpg,1526782,"{}",15,8,"{""name"":""rect"",""x"":1931,""y"":1239,""width"":528,""height"":76}","{""text"":""KOSCIELSKI,I.""}"
35-pre-174.jpg,1526782,"{}",15,9,"{""name"":""rect"",""x"":462,""y"":2210,""width"":452,""height"":73}","{""text"":""KRAFFT, I.a)""}"
35-pre-174.jpg,1526782,"{}",15,10,"{""name"":""rect"",""x"":1255,""y"":2201,""width"":410,""height"":76}","{""text"":""KRAUSE,II.""}"
35-pre-174.jpg,1526782,"{}",15,11,"{""name"":""rect"",""x"":2085,""y"":2194,""width"":362,""height"":73}","{""text"":""KROHN,III.""}"
35-pre-174.jpg,1526782,"{}",15,12,"{""name"":""rect"",""x"":524,""y"":3160,""width"":424,""height"":83}","{""text"":""KUMMER,II.""}"
35-pre-174.jpg,1526782,"{}",15,13,"{""name"":""rect"",""x"":1322,""y"":3155,""width"":334,""height"":71}","{""text"":""LANGEN.""}"
35-pre-174.jpg,1526782,"{}",15,14,"{""name"":""rect"",""x"":2021,""y"":3136,""width"":417,""height"":76}","{""text"":""LAVALLADE.""}"
45-ost-140.jpg,1559876,"{}",9,0,"{""name"":""rect"",""x"":635,""y"":64,""width"":1913,""height"":181}","{""text"":""ADEL D. RUSS. OSTSEEPROVINZEN.\nA. IMMATRIKULIERTER ADEL.""}"
45-ost-140.jpg,1559876,"{}",9,1,"{""name"":""rect"",""x"":2593,""y"":191,""width"":239,""height"":67}","{""text"":""Taf.141.""}"
45-ost-140.jpg,1559876,"{}",9,2,"{""name"":""rect"",""x"":375,""y"":167,""width"":284,""height"":69}","{""text"":""Bd.III.11.""}"
45-ost-140.jpg,1559876,"{}",9,3,"{""name"":""rect"",""x"":427,""y"":282,""width"":936,""height"":165}","{""text"":""v.NEUHOFF,\ngen.Ley. (n.Ahnentafel.)""}"
45-ost-140.jpg,1559876,"{}",9,4,"{""name"":""rect"",""x"":2087,""y"":282,""width"":313,""height"":205}","{""text"":""NEUHOF.\n1560.\n(Siegel)""}"
45-ost-140.jpg,1559876,"{}",9,5,"{""name"":""rect"",""x"":712,""y"":1550,""width"":389,""height"":88}","{""text"":""v. NIEROTH.""}"
45-ost-140.jpg,1559876,"{}",9,6,"{""name"":""rect"",""x"":1941,""y"":1554,""width"":583,""height"":160}","{""text"":""NIEROTH\nSchwed.Freih. 5.II.1687""}"
45-ost-140.jpg,1559876,"{}",9,7,"{""name"":""rect"",""x"":516,""y"":2820,""width"":695,""height"":165}","{""text"":""NIEROTH\nSchwed.Freih. 11.V.1818""}"
45-ost-140.jpg,1559876,"{}",9,8,"{""name"":""rect"",""x"":2032,""y"":2827,""width"":530,""height"":72}","{""text"":""Baron NOLCKEN.""}"
49-dal-012.jpg,1620804,"{}",15,0,"{""name"":""rect"",""x"":1058,""y"":21,""width"":871,""height"":120}","{""text"":""DALMATINER ADEL.""}"
49-dal-012.jpg,1620804,"{}",15,1,"{""name"":""rect"",""x"":243,""y"":151,""width"":253,""height"":76}","{""text"":""Bd. IV. 3.""}"
49-dal-012.jpg,1620804,"{}",15,2,"{""name"":""rect"",""x"":2524,""y"":179,""width"":184,""height"":78}","{""text"":""Taf.10.""}"
49-dal-012.jpg,1620804,"{}",15,3,"{""name"":""rect"",""x"":435,""y"":298,""width"":427,""height"":64}","{""text"":""Conte de LUCOVICH.""}"
49-dal-012.jpg,1620804,"{}",15,4,"{""name"":""rect"",""x"":1348,""y"":307,""width"":286,""height"":64}","{""text"":""de MENZE.""}"
49-dal-012.jpg,1620804,"{}",15,5,"{""name"":""rect"",""x"":2177,""y"":328,""width"":295,""height"":50}","{""text"":""de MENZE.""}"
49-dal-012.jpg,1620804,"{}",15,6,"{""name"":""rect"",""x"":385,""y"":1200,""width"":475,""height"":59}","{""text"":""de MENZE anderes.""}"
49-dal-012.jpg,1620804,"{}",15,7,"{""name"":""rect"",""x"":1197,""y"":1209,""width"":522,""height"":57}","{""text"":""deMICHELI-VITTURI""}"
49-dal-012.jpg,1620804,"{}",15,8,"{""name"":""rect"",""x"":1944,""y"":1219,""width"":756,""height"":61}","{""text"":""deMICHELI VITTURI,Stammwappen.""}"
49-dal-012.jpg,1620804,"{}",15,9,"{""name"":""rect"",""x"":489,""y"":2111,""width"":257,""height"":57}","{""text"":""deMILESI.""}"
49-dal-012.jpg,1620804,"{}",15,10,"{""name"":""rect"",""x"":1339,""y"":2114,""width"":333,""height"":57}","{""text"":""de MIORINI.""}"
49-dal-012.jpg,1620804,"{}",15,11,"{""name"":""rect"",""x"":2128,""y"":2125,""width"":383,""height"":59}","{""text"":""de MIRCOVICH.""}"
49-dal-012.jpg,1620804,"{}",15,12,"{""name"":""rect"",""x"":298,""y"":3009,""width"":645,""height"":57}","{""text"":""MIRCOVICH Dipl.27 Januar 1578.""}"
49-dal-012.jpg,1620804,"{}",15,13,"{""name"":""rect"",""x"":1082,""y"":3013,""width"":730,""height"":68}","{""text"":""de MIRKOVICH Dipl.28.April 1583.""}"
49-dal-012.jpg,1620804,"{}",15,14,"{""name"":""rect"",""x"":2102,""y"":3025,""width"":456,""height"":54}","{""text"":""Conte MIRCOVICH.""}"
51no2-031.jpg,1489778,"{}",8,0,"{""name"":""rect"",""x"":653,""y"":129,""width"":1868,""height"":131}","{""text"":""NIEDEROESTERR. STÄND. ADEL.""}"
51no2-031.jpg,1489778,"{}",8,1,"{""name"":""rect"",""x"":284,""y"":267,""width"":336,""height"":77}","{""text"":""Bd.IV. 4.I.""}"
51no2-031.jpg,1489778,"{}",8,2,"{""name"":""rect"",""x"":1366,""y"":351,""width"":438,""height"":72}","{""text"":""SCHÖNAUER.""}"
51no2-031.jpg,1489778,"{}",8,3,"{""name"":""rect"",""x"":2617,""y"":267,""width"":250,""height"":74}","{""text"":""Taf.32.""}"
51no2-031.jpg,1489778,"{}",8,4,"{""name"":""rect"",""x"":1338,""y"":1860,""width"":495,""height"":94}","{""text"":""SCHÖNBORN,""}"
51no2-031.jpg,1489778,"{}",8,5,"{""name"":""rect"",""x"":754,""y"":1989,""width"":257,""height"":87}","{""text"":""I. St.W.""}"
51no2-031.jpg,1489778,"{}",8,6,"{""name"":""rect"",""x"":2249,""y"":1994,""width"":366,""height"":79}","{""text"":""II. Frhrl.W.""}"
51no2-031.jpg,1489778,"{}",8,7,"{""name"":""rect"",""x"":1425,""y"":2793,""width"":376,""height"":72}","{""text"":""III. Gräfl.W.""}"
51no2-314.jpg,1491020,"{}",7,0,"{""name"":""rect"",""x"":663,""y"":40,""width"":1886,""height"":136}","{""text"":""NIEDEROESTERR. STÄND. ADEL.""}"
51no2-314.jpg,1491020,"{}",7,1,"{""name"":""rect"",""x"":302,""y"":183,""width"":359,""height"":69}","{""text"":""Bd. IV. 4. I.""}"
51no2-314.jpg,1491020,"{}",7,2,"{""name"":""rect"",""x"":2604,""y"":178,""width"":262,""height"":69}","{""text"":""Taf.315.""}"
51no2-314.jpg,1491020,"{}",7,3,"{""name"":""rect"",""x"":1451,""y"":272,""width"":337,""height"":168}","{""text"":""CZOBOR\nIII.""}"
51no2-314.jpg,1491020,"{}",7,4,"{""name"":""rect"",""x"":1438,""y"":2622,""width"":463,""height"":89}","{""text"":""ZÖBING A.""}"
51no2-314.jpg,1491020,"{}",7,5,"{""name"":""rect"",""x"":1082,""y"":2795,""width"":69,""height"":77}","{""text"":""I.""}"
51no2-314.jpg,1491020,"{}",7,6,"{""name"":""rect"",""x"":2129,""y"":2797,""width"":87,""height"":67}","{""text"":""II.""}"
55steiu-004.jpg,591023,"{}",12,0,"{""name"":""rect"",""x"":517,""y"":174,""width"":791,""height"":52}","{""text"":""STEIRISCHER URADEL, 1229-1232.""}"
55steiu-004.jpg,591023,"{}",12,1,"{""name"":""rect"",""x"":255,""y"":232,""width"":170,""height"":33}","{""text"":""Bd. IV. 7. a.""}"
55steiu-004.jpg,591023,"{}",12,2,"{""name"":""rect"",""x"":1478,""y"":223,""width"":90,""height"":30}","{""text"":""Taf. 5.""}"
55steiu-004.jpg,591023,"{}",12,3,"{""name"":""rect"",""x"":342,""y"":311,""width"":196,""height"":53}","{""text"":""v. Marburg, St.\n1229.""}"
55steiu-004.jpg,591023,"{}",12,4,"{""name"":""rect"",""x"":643,""y"":307,""width"":491,""height"":60}","{""text"":""Hzg. v. Meran - (Grf. v. Andechs, Bay.)\n(1230-1240.)""}"
55steiu-004.jpg,591023,"{}",12,5,"{""name"":""rect"",""x"":1253,""y"":304,""width"":170,""height"":59}","{""text"":""v. Ror, O.-Ö.\n(c. 1230.)""}"
55steiu-004.jpg,591023,"{}",12,6,"{""name"":""rect"",""x"":337,""y"":916,""width"":241,""height"":52}","{""text"":""v. Hafnerburg, Kä.\n1230, 24. V.""}"
55steiu-004.jpg,591023,"{}",12,7,"{""name"":""rect"",""x"":773,""y"":882,""width"":237,""height"":57}","{""text"":""v. Zebingen, N.-Ö.\n1230, 22. XI.""}"
55steiu-004.jpg,591023,"{}",12,8,"{""name"":""rect"",""x"":1071,""y"":900,""width"":557,""height"":65}","{""text"":""(v.Tribuswinkel,N.-Ö.- v. Wasserberg,N.-Ö.)\n1230, 22. XI.""}"
55steiu-004.jpg,591023,"{}",12,9,"{""name"":""rect"",""x"":258,""y"":1515,""width"":511,""height"":65}","{""text"":""Grf. v. Plaien, Sa - Grf. v. Hardeck. N.-Ö.\n1230, 30. XI.""}"
55steiu-004.jpg,591023,"{}",12,10,"{""name"":""rect"",""x"":834,""y"":1489,""width"":189,""height"":64}","{""text"":""v. Mureck, St.\n1231, (XI.-XII)""}"
55steiu-004.jpg,591023,"{}",12,11,"{""name"":""rect"",""x"":1209,""y"":1502,""width"":316,""height"":66}","{""text"":""v. Perchtoldsdorf, N.-Ö.\n1232, 31. VIII.""}"
58mae-198.jpg,1520002,"{}",15,0,"{""name"":""rect"",""x"":767,""y"":106,""width"":1245,""height"":137}","{""text"":""MÄHRISCHER ADEL.""}"
58mae-198.jpg,1520002,"{}",15,1,"{""name"":""rect"",""x"":135,""y"":240,""width"":336,""height"":77}","{""text"":""Bd. IV.10.""}"
58mae-198.jpg,1520002,"{}",15,2,"{""name"":""rect"",""x"":2338,""y"":257,""width"":274,""height"":74}","{""text"":""Taf.200.""}"
58mae-198.jpg,1520002,"{}",15,3,"{""name"":""rect"",""x"":469,""y"":327,""width"":353,""height"":77}","{""text"":""VLCYHORA.""}"
58mae-198.jpg,1520002,"{}",15,4,"{""name"":""rect"",""x"":1204,""y"":339,""width"":399,""height"":72}","{""text"":""VOCKEL, St.W.""}"
58mae-198.jpg,1520002,"{}",15,5,"{""name"":""rect"",""x"":1961,""y"":344,""width"":430,""height"":70}","{""text"":""VOCKEL, Fhn.""}"
58mae-198.jpg,1520002,"{}",15,6,"{""name"":""rect"",""x"":397,""y"":1262,""width"":377,""height"":79}","{""text"":""VRCHLABI.""}"
58mae-198.jpg,1520002,"{}",15,7,"{""name"":""rect"",""x"":1101,""y"":1271,""width"":596,""height"":74}","{""text"":""VYDENSKY v. OSTROV.""}"
58mae-198.jpg,1520002,"{}",15,8,"{""name"":""rect"",""x"":1915,""y"":1278,""width"":387,""height"":77}","{""text"":""WACHTLER.""}"
58mae-198.jpg,1520002,"{}",15,9,"{""name"":""rect"",""x"":394,""y"":2206,""width"":399,""height"":70}","{""text"":""WARTENAU.""}"
58mae-198.jpg,1520002,"{}",15,10,"{""name"":""rect"",""x"":940,""y"":2208,""width"":788,""height"":72}","{""text"":""WASSERFASS v. HOHENBRUNN.""}"
58mae-198.jpg,1520002,"{}",15,11,"{""name"":""rect"",""x"":1836,""y"":2221,""width"":591,""height"":70}","{""text"":""WEITZL v. STARNFELD.""}"
58mae-198.jpg,1520002,"{}",15,12,"{""name"":""rect"",""x"":231,""y"":3126,""width"":622,""height"":87}","{""text"":""WELTZLv. STARNFELD, R.""}"
58mae-198.jpg,1520002,"{}",15,13,"{""name"":""rect"",""x"":1101,""y"":3136,""width"":445,""height"":84}","{""text"":""WESSELENYI.""}"
58mae-198.jpg,1520002,"{}",15,14,"{""name"":""rect"",""x"":1891,""y"":3146,""width"":440,""height"":77}","{""text"":""WESSELY, R.""}"
61kro-069.jpg,1579978,"{}",15,0,"{""name"":""rect"",""x"":683,""y"":75,""width"":1798,""height"":104}","{""text"":""DER ADEL v. KROATIEN u. SLAVONIEN.""}"
61kro-069.jpg,1579978,"{}",15,1,"{""name"":""rect"",""x"":2616,""y"":191,""width"":174,""height"":78}","{""text"":""Taf.70.""}"
61kro-069.jpg,1579978,"{}",15,2,"{""name"":""rect"",""x"":271,""y"":184,""width"":235,""height"":61}","{""text"":""Bd.IV.13.""}"
61kro-069.jpg,1579978,"{}",15,3,"{""name"":""rect"",""x"":424,""y"":271,""width"":724,""height"":75}","{""text"":""KUAHACHEVICH (KUHACEVIC.)""}"
61kro-069.jpg,1579978,"{}",15,4,"{""name"":""rect"",""x"":1429,""y"":281,""width"":329,""height"":68}","{""text"":""KUKIVICS.""}"
61kro-069.jpg,1579978,"{}",15,5,"{""name"":""rect"",""x"":2076,""y"":279,""width"":586,""height"":73}","{""text"":""KUKRECICH (KUKRECIC.)""}"
61kro-069.jpg,1579978,"{}",15,6,"{""name"":""rect"",""x"":303,""y"":1228,""width"":988,""height"":87}","{""text"":""KUKULJEVICH-BASSANI de SACCI a.)""}"
61kro-069.jpg,1579978,"{}",15,7,"{""name"":""rect"",""x"":1437,""y"":1240,""width"":509,""height"":82}","{""text"":""KUKULJEVICH, b.)""}"
61kro-069.jpg,1579978,"{}",15,8,"{""name"":""rect"",""x"":2161,""y"":1245,""width"":504,""height"":82}","{""text"":""KUKULJEVICH, c.)""}"
61kro-069.jpg,1579978,"{}",15,9,"{""name"":""rect"",""x"":642,""y"":2202,""width"":213,""height"":70}","{""text"":""KULKO.""}"
61kro-069.jpg,1579978,"{}",15,10,"{""name"":""rect"",""x"":1107,""y"":2205,""width"":930,""height"":78}","{""text"":""KULMER v. ROSENPICHLu.HOHENSTEIN.""}"
61kro-069.jpg,1579978,"{}",15,11,"{""name"":""rect"",""x"":2185,""y"":2214,""width"":618,""height"":70}","{""text"":""KULUNCSICS(KULUNDZIC.)""}"
61kro-069.jpg,1579978,"{}",15,12,"{""name"":""rect"",""x"":504,""y"":3169,""width"":640,""height"":75}","{""text"":""KUMANOVICH(KUMANOVIC.)""}"
61kro-069.jpg,1579978,"{}",15,13,"{""name"":""rect"",""x"":1420,""y"":3174,""width"":266,""height"":70}","{""text"":""KUNDEK.""}"
61kro-069.jpg,1579978,"{}",15,14,"{""name"":""rect"",""x"":2202,""y"":3179,""width"":429,""height"":68}","{""text"":""KUNICH (KUNIC.)""}"
62gal-174.jpg,1690901,"{}",15,0,"{""name"":""rect"",""x"":940,""y"":36,""width"":1207,""height"":103}","{""text"":""GALIZISCHER ADEL.""}"
62gal-174.jpg,1690901,"{}",15,1,"{""name"":""rect"",""x"":236,""y"":161,""width"":327,""height"":67}","{""text"":""Bd. IV: 14.""}"
62gal-174.jpg,1690901,"{}",15,2,"{""name"":""rect"",""x"":2518,""y"":137,""width"":257,""height"":77}","{""text"":""Taf.174.""}"
62gal-174.jpg,1690901,"{}",15,3,"{""name"":""rect"",""x"":447,""y"":245,""width"":596,""height"":67}","{""text"":""KARWOSIECKI.""}"
62gal-174.jpg,1690901,"{}",15,4,"{""name"":""rect"",""x"":1217,""y"":238,""width"":517,""height"":65}","{""text"":""KARWOWSKI.""}"
62gal-174.jpg,1690901,"{}",15,5,"{""name"":""rect"",""x"":2054,""y"":226,""width"":495,""height"":70}","{""text"":""KASPAREK.""}"
62gal-174.jpg,1690901,"{}",15,6,"{""name"":""rect"",""x"":450,""y"":1212,""width"":512,""height"":70}","{""text"":""KASPRZCKI.""}"
62gal-174.jpg,1690901,"{}",15,7,"{""name"":""rect"",""x"":1176,""y"":1205,""width"":669,""height"":72}","{""text"":""KASPRZYKOWSKI.""}"
62gal-174.jpg,1690901,"{}",15,8,"{""name"":""rect"",""x"":2020,""y"":1200,""width"":596,""height"":65}","{""text"":""KASSANOWSKI.""}"
62gal-174.jpg,1690901,"{}",15,9,"{""name"":""rect"",""x"":467,""y"":2172,""width"":483,""height"":72}","{""text"":""KASZEWSKI.""}"
62gal-174.jpg,1690901,"{}",15,10,"{""name"":""rect"",""x"":1318,""y"":2159,""width"":447,""height"":72}","{""text"":""KATYNSKI.""}"
62gal-174.jpg,1690901,"{}",15,11,"{""name"":""rect"",""x"":2126,""y"":2157,""width"":394,""height"":63}","{""text"":""KAWECKI.""}"
62gal-174.jpg,1690901,"{}",15,12,"{""name"":""rect"",""x"":541,""y"":3129,""width"":433,""height"":67}","{""text"":""KAWIECKI.""}"
62gal-174.jpg,1690901,"{}",15,13,"{""name"":""rect"",""x"":1294,""y"":3121,""width"":505,""height"":63}","{""text"":""KAZIMIRSKI.""}"
62gal-174.jpg,1690901,"{}",15,14,"{""name"":""rect"",""x"":1996,""y"":3107,""width"":762,""height"":75}","{""text"":""KELLERMANN v. TUSZOW.""}"
63un-223.jpg,1625425,"{}",15,0,"{""name"":""rect"",""x"":893,""y"":116,""width"":1395,""height"":96}","{""text"":""DER UNGARISCHE ADEL.""}"
63un-223.jpg,1625425,"{}",15,1,"{""name"":""rect"",""x"":383,""y"":215,""width"":222,""height"":62}","{""text"":""Bd. IV. 15.""}"
63un-223.jpg,1625425,"{}",15,2,"{""name"":""rect"",""x"":2668,""y"":215,""width"":200,""height"":64}","{""text"":""Taf.222.""}"
63un-223.jpg,1625425,"{}",15,3,"{""name"":""rect"",""x"":612,""y"":284,""width"":548,""height"":89}","{""text"":""KECSKEMETHY,I.""}"
63un-223.jpg,1625425,"{}",15,4,"{""name"":""rect"",""x"":1414,""y"":299,""width"":508,""height"":79}","{""text"":""KECSKEMETI,II.""}"
63un-223.jpg,1625425,"{}",15,5,"{""name"":""rect"",""x"":2263,""y"":299,""width"":375,""height"":72}","{""text"":""KECSKES,I.""}"
63un-223.jpg,1625425,"{}",15,6,"{""name"":""rect"",""x"":701,""y"":1251,""width"":383,""height"":74}","{""text"":""KECSKES,II.""}"
63un-223.jpg,1625425,"{}",15,7,"{""name"":""rect"",""x"":1464,""y"":1251,""width"":257,""height"":69}","{""text"":""KECZE.""}"
63un-223.jpg,1625425,"{}",15,8,"{""name"":""rect"",""x"":2241,""y"":1254,""width"":383,""height"":77}","{""text"":""KECZELI, a.)""}"
63un-223.jpg,1625425,"{}",15,9,"{""name"":""rect"",""x"":637,""y"":2204,""width"":365,""height"":79}","{""text"":""KECZELI b.)""}"
63un-223.jpg,1625425,"{}",15,10,"{""name"":""rect"",""x"":1456,""y"":2209,""width"":360,""height"":74}","{""text"":""KECZER,a.)""}"
63un-223.jpg,1625425,"{}",15,11,"{""name"":""rect"",""x"":2271,""y"":2207,""width"":378,""height"":79}","{""text"":""KECZER, b.)""}"
63un-223.jpg,1625425,"{}",15,12,"{""name"":""rect"",""x"":659,""y"":3147,""width"":360,""height"":69}","{""text"":""KECZER, c.)""}"
63un-223.jpg,1625425,"{}",15,13,"{""name"":""rect"",""x"":1429,""y"":3149,""width"":313,""height"":72}","{""text"":""KEFFALA.""}"
63un-223.jpg,1625425,"{}",15,14,"{""name"":""rect"",""x"":2221,""y"":3145,""width"":541,""height"":77}","{""text"":""KEGLEVICH, I. a.)""}"
64une-083.jpg,1645275,"{}",15,0,"{""name"":""rect"",""x"":973,""y"":5,""width"":1592,""height"":90}","{""text"":""DER UNGARISCHE ADEL.""}"
64une-083.jpg,1645275,"{}",15,1,"{""name"":""rect"",""x"":509,""y"":73,""width"":417,""height"":82}","{""text"":""Bd.IV.15.Suppl.""}"
64une-083.jpg,1645275,"{}",15,2,"{""name"":""rect"",""x"":2709,""y"":87,""width"":207,""height"":71}","{""text"":""Taf. 85.""}"
64une-083.jpg,1645275,"{}",15,3,"{""name"":""rect"",""x"":763,""y"":179,""width"":325,""height"":64}","{""text"":""THONAD.""}"
64une-083.jpg,1645275,"{}",15,4,"{""name"":""rect"",""x"":1640,""y"":181,""width"":276,""height"":66}","{""text"":""THULY.""}"
64une-083.jpg,1645275,"{}",15,5,"{""name"":""rect"",""x"":2127,""y"":184,""width"":832,""height"":68}","{""text"":""THURN-VALLESASSINA.""}"
64une-083.jpg,1645275,"{}",15,6,"{""name"":""rect"",""x"":773,""y"":1150,""width"":276,""height"":68}","{""text"":""THURY.""}"
64une-083.jpg,1645275,"{}",15,7,"{""name"":""rect"",""x"":1637,""y"":1159,""width"":210,""height"":64}","{""text"":""THUZ""}"
64une-083.jpg,1645275,"{}",15,8,"{""name"":""rect"",""x"":2410,""y"":1154,""width"":276,""height"":71}","{""text"":""TOLNA.""}"
64une-083.jpg,1645275,"{}",15,9,"{""name"":""rect"",""x"":775,""y"":2130,""width"":367,""height"":66}","{""text"":""TOLNAY,I.""}"
64une-083.jpg,1645275,"{}",15,10,"{""name"":""rect"",""x"":1581,""y"":2130,""width"":375,""height"":73}","{""text"":""TOLNAY,II.""}"
64une-083.jpg,1645275,"{}",15,11,"{""name"":""rect"",""x"":2342,""y"":2130,""width"":436,""height"":75}","{""text"":""GenusTOMAY.""}"
64une-083.jpg,1645275,"{}",15,12,"{""name"":""rect"",""x"":787,""y"":3093,""width"":330,""height"":85}","{""text"":""TOMAY,I.""}"
64une-083.jpg,1645275,"{}",15,13,"{""name"":""rect"",""x"":1567,""y"":3098,""width"":363,""height"":82}","{""text"":""TOMAY,II.""}"
64une-083.jpg,1645275,"{}",15,14,"{""name"":""rect"",""x"":2342,""y"":3100,""width"":433,""height"":68}","{""text"":""TORMASSY.""}"
81baya3-034.jpg,1488466,"{}",16,0,"{""name"":""rect"",""x"":829,""y"":35,""width"":1493,""height"":110}","{""text"":""ABGESTORB. BAYER. ADEL.III.""}"
81baya3-034.jpg,1488466,"{}",16,1,"{""name"":""rect"",""x"":257,""y"":142,""width"":336,""height"":72}","{""text"":""Bd. VI. 1.III.""}"
81baya3-034.jpg,1488466,"{}",16,2,"{""name"":""rect"",""x"":2574,""y"":154,""width"":220,""height"":77}","{""text"":""Taf. 35.""}"
81baya3-034.jpg,1488466,"{}",16,3,"{""name"":""rect"",""x"":434,""y"":227,""width"":670,""height"":75}","{""text"":""SCHALLER v. GÖRSTHOFEN.""}"
81baya3-034.jpg,1488466,"{}",16,4,"{""name"":""rect"",""x"":1479,""y"":224,""width"":224,""height"":79}","{""text"":""SCHAD.""}"
81baya3-034.jpg,1488466,"{}",16,5,"{""name"":""rect"",""x"":2011,""y"":234,""width"":668,""height"":75}","{""text"":""SCHALLER v. SCHALLERN.""}"
81baya3-034.jpg,1488466,"{}",16,6,"{""name"":""rect"",""x"":1395,""y"":666,""width"":306,""height"":124}","{""text"":""SCHAFF\nvon HABELSEE""}"
81baya3-034.jpg,1488466,"{}",16,7,"{""name"":""rect"",""x"":192,""y"":1208,""width"":762,""height"":77}","{""text"":""SCHALTDORFER zu VAGEN.""}"
81baya3-034.jpg,1488466,"{}",16,8,"{""name"":""rect"",""x"":2441,""y"":1210,""width"":339,""height"":79}","{""text"":""SCHAMPECK.""}"
81baya3-034.jpg,1488466,"{}",16,9,"{""name"":""rect"",""x"":584,""y"":2161,""width"":390,""height"":77}","{""text"":""SCHAMPECK.""}"
81baya3-034.jpg,1488466,"{}",16,10,"{""name"":""rect"",""x"":1439,""y"":2172,""width"":269,""height"":75}","{""text"":""SCHANZ.""}"
81baya3-034.jpg,1488466,"{}",16,11,"{""name"":""rect"",""x"":2462,""y"":2158,""width"":203,""height"":75}","{""text"":""ZÄRTL.""}"
81baya3-034.jpg,1488466,"{}",16,12,"{""name"":""rect"",""x"":547,""y"":2819,""width"":395,""height"":79}","{""text"":""SCHAPPRUN.""}"
81baya3-034.jpg,1488466,"{}",16,13,"{""name"":""rect"",""x"":565,""y"":3467,""width"":315,""height"":75}","{""text"":""SCHAUER.""}"
81baya3-034.jpg,1488466,"{}",16,14,"{""name"":""rect"",""x"":1294,""y"":3193,""width"":582,""height"":77}","{""text"":""SCHARFSEDER, St.W.""}"
81baya3-034.jpg,1488466,"{}",16,15,"{""name"":""rect"",""x"":2056,""y"":3109,""width"":668,""height"":89}","{""text"":""SCHARFSEDER, 1573.""}"
85braa-023.jpg,1506239,"{}",15,0,"{""name"":""rect"",""x"":786,""y"":35,""width"":1118,""height"":156}","{""text"":""ABGESTORBENER ADEL.\nPROVINZ U. MARK BRANDENBURG.""}"
85braa-023.jpg,1506239,"{}",15,1,"{""name"":""rect"",""x"":100,""y"":142,""width"":237,""height"":56}","{""text"":""Bd. VI. 5.""}"
85braa-023.jpg,1506239,"{}",15,2,"{""name"":""rect"",""x"":2282,""y"":128,""width"":193,""height"":58}","{""text"":""Taf.24.""}"
85braa-023.jpg,1506239,"{}",15,3,"{""name"":""rect"",""x"":481,""y"":202,""width"":181,""height"":51}","{""text"":""HORN.""}"
85braa-023.jpg,1506239,"{}",15,4,"{""name"":""rect"",""x"":1223,""y"":193,""width"":295,""height"":63}","{""text"":""HÜNECKE.""}"
85braa-023.jpg,1506239,"{}",15,5,"{""name"":""rect"",""x"":1945,""y"":193,""width"":309,""height"":63}","{""text"":""JANSMANN.""}"
85braa-023.jpg,1506239,"{}",15,6,"{""name"":""rect"",""x"":463,""y"":1134,""width"":232,""height"":49}","{""text"":""JARGOW.""}"
85braa-023.jpg,1506239,"{}",15,7,"{""name"":""rect"",""x"":1223,""y"":1127,""width"":288,""height"":53}","{""text"":""JAUCOURT.""}"
85braa-023.jpg,1506239,"{}",15,8,"{""name"":""rect"",""x"":2027,""y"":1125,""width"":244,""height"":51}","{""text"":""JEETZE.""}"
85braa-023.jpg,1506239,"{}",15,9,"{""name"":""rect"",""x"":490,""y"":2062,""width"":172,""height"":49}","{""text"":""JLGEN""}"
85braa-023.jpg,1506239,"{}",15,10,"{""name"":""rect"",""x"":1218,""y"":2052,""width"":390,""height"":56}","{""text"":""JNGERSLEBEN.""}"
85braa-023.jpg,1506239,"{}",15,11,"{""name"":""rect"",""x"":2029,""y"":2057,""width"":209,""height"":49}","{""text"":""JRWING""}"
85braa-023.jpg,1506239,"{}",15,12,"{""name"":""rect"",""x"":469,""y"":2987,""width"":218,""height"":42}","{""text"":""JNGERT.""}"
85braa-023.jpg,1506239,"{}",15,13,"{""name"":""rect"",""x"":1241,""y"":2982,""width"":212,""height"":60}","{""text"":""JURGAS.""}"
85braa-023.jpg,1506239,"{}",15,14,"{""name"":""rect"",""x"":2001,""y"":2977,""width"":288,""height"":56}","{""text"":""KAHLBUTZ.""}"
89schla2-025.jpg,1365520,"{}",15,0,"{""name"":""rect"",""x"":664,""y"":55,""width"":1379,""height"":165}","{""text"":""ABGESTORB. PREUSS. ADEL.\nPROVINZ SCHLESIEN.""}"
89schla2-025.jpg,1365520,"{}",15,1,"{""name"":""rect"",""x"":152,""y"":154,""width"":278,""height"":62}","{""text"":""Bd. VI. 8. II.""}"
89schla2-025.jpg,1365520,"{}",15,2,"{""name"":""rect"",""x"":2316,""y"":159,""width"":205,""height"":69}","{""text"":""Taf. 26.""}"
89schla2-025.jpg,1365520,"{}",15,3,"{""name"":""rect"",""x"":441,""y"":244,""width"":331,""height"":67}","{""text"":""GLASSER.""}"
89schla2-025.jpg,1365520,"{}",15,4,"{""name"":""rect"",""x"":1142,""y"":239,""width"":411,""height"":71}","{""text"":""GLAUBITZ,I.""}"
89schla2-025.jpg,1365520,"{}",15,5,"{""name"":""rect"",""x"":1910,""y"":239,""width"":522,""height"":80}","{""text"":""GLAUBITZ,StW,II""}"
89schla2-025.jpg,1365520,"{}",15,6,"{""name"":""rect"",""x"":338,""y"":1170,""width"":524,""height"":85}","{""text"":""GLAUBITZ,StW.III.""}"
89schla2-025.jpg,1365520,"{}",15,7,"{""name"":""rect"",""x"":1133,""y"":1170,""width"":421,""height"":80}","{""text"":""GLAUBITZ,IV.""}"
89schla2-025.jpg,1365520,"{}",15,8,"{""name"":""rect"",""x"":1933,""y"":1179,""width"":501,""height"":78}","{""text"":""GLAUBITZ,Fhrn.""}"
89schla2-025.jpg,1365520,"{}",15,9,"{""name"":""rect"",""x"":340,""y"":2105,""width"":467,""height"":71}","{""text"":""GLAUBITZ,1728.""}"
89schla2-025.jpg,1365520,"{}",15,10,"{""name"":""rect"",""x"":1080,""y"":2110,""width"":634,""height"":71}","{""text"":""GLAUBITZ,Frhrhn. 1736.""}"
89schla2-025.jpg,1365520,"{}",15,11,"{""name"":""rect"",""x"":1832,""y"":2110,""width"":517,""height"":69}","{""text"":""GLICH v. MILZITZ.""}"
89schla2-025.jpg,1365520,"{}",15,12,"{""name"":""rect"",""x"":198,""y"":3020,""width"":825,""height"":87}","{""text"":""GLÖCKNER v. GLUCKENSTEIN.""}"
89schla2-025.jpg,1365520,"{}",15,13,"{""name"":""rect"",""x"":1131,""y"":3036,""width"":352,""height"":71}","{""text"":""GLOMMER.""}"
89schla2-025.jpg,1365520,"{}",15,14,"{""name"":""rect"",""x"":1811,""y"":3043,""width"":581,""height"":69}","{""text"":""GODAR c. HOFMANN.""}"
93anha-012.jpg,1564488,"{}",15,0,"{""name"":""rect"",""x"":773,""y"":70,""width"":1507,""height"":125}","{""text"":""ABGESTORB. ANHALTISCHER ADEL.""}"
93anha-012.jpg,1564488,"{}",15,1,"{""name"":""rect"",""x"":262,""y"":182,""width"":283,""height"":82}","{""text"":""Bd. VI.11.""}"
93anha-012.jpg,1564488,"{}",15,2,"{""name"":""rect"",""x"":2556,""y"":209,""width"":223,""height"":77}","{""text"":""Taf.13.""}"
93anha-012.jpg,1564488,"{}",15,3,"{""name"":""rect"",""x"":497,""y"":271,""width"":427,""height"":84}","{""text"":""GÖRSCHEN.""}"
93anha-012.jpg,1564488,"{}",15,4,"{""name"":""rect"",""x"":1325,""y"":278,""width"":370,""height"":84}","{""text"":""GÖRTZKE.""}"
93anha-012.jpg,1564488,"{}",15,5,"{""name"":""rect"",""x"":2083,""y"":288,""width"":449,""height"":84}","{""text"":""GÖTTFARTH.""}"
93anha-012.jpg,1564488,"{}",15,6,"{""name"":""rect"",""x"":451,""y"":1253,""width"":490,""height"":79}","{""text"":""GOTTSCHALK.""}"
93anha-012.jpg,1564488,"{}",15,7,"{""name"":""rect"",""x"":1843,""y"":1257,""width"":343,""height"":86}","{""text"":""GRASSHOFF.""}"
93anha-012.jpg,1564488,"{}",15,8,"{""name"":""rect"",""x"":2361,""y"":1267,""width"":444,""height"":91}","{""text"":""GRIMSLEBEN.""}"
93anha-012.jpg,1564488,"{}",15,9,"{""name"":""rect"",""x"":470,""y"":2205,""width"":499,""height"":86}","{""text"":""GRONEBERG.""}"
93anha-012.jpg,1564488,"{}",15,10,"{""name"":""rect"",""x"":1243,""y"":2210,""width"":468,""height"":86}","{""text"":""GROSS,Frhn.""}"
93anha-012.jpg,1564488,"{}",15,11,"{""name"":""rect"",""x"":2402,""y"":2232,""width"":396,""height"":79}","{""text"":""GROTE,Frhn.""}"
93anha-012.jpg,1564488,"{}",15,12,"{""name"":""rect"",""x"":533,""y"":3146,""width"":358,""height"":91}","{""text"":""GRUBAN.""}"
93anha-012.jpg,1564488,"{}",15,13,"{""name"":""rect"",""x"":1255,""y"":3156,""width"":475,""height"":82}","{""text"":""GRUDDING.""}"
93anha-012.jpg,1564488,"{}",15,14,"{""name"":""rect"",""x"":2023,""y"":3158,""width"":434,""height"":86}","{""text"":""GUERICKE.""}"
101-saae-019.jpg,1581346,"{}",15,0,"{""name"":""rect"",""x"":837,""y"":121,""width"":1558,""height"":187}","{""text"":""ABGESTORB. PREUSS. ADEL.\n(PROVINZ SACHSEN.)""}"
101-saae-019.jpg,1581346,"{}",15,1,"{""name"":""rect"",""x"":328,""y"":231,""width"":393,""height"":73}","{""text"":""E.B. VII. 3. d.""}"
101-saae-019.jpg,1581346,"{}",15,2,"{""name"":""rect"",""x"":2635,""y"":228,""width"":211,""height"":73}","{""text"":""Taf.20.""}"
101-saae-019.jpg,1581346,"{}",15,3,"{""name"":""rect"",""x"":684,""y"":323,""width"":393,""height"":78}","{""text"":""GREUSSEN,I""}"
101-saae-019.jpg,1581346,"{}",15,4,"{""name"":""rect"",""x"":1373,""y"":330,""width"":456,""height"":70}","{""text"":""GREUSSEN, V. ""}"
101-saae-019.jpg,1581346,"{}",15,5,"{""name"":""rect"",""x"":2230,""y"":330,""width"":425,""height"":70}","{""text"":""GUDENUS, II.""}"
101-saae-019.jpg,1581346,"{}",15,6,"{""name"":""rect"",""x"":653,""y"":1286,""width"":335,""height"":70}","{""text"":""HALCK, II.""}"
101-saae-019.jpg,1581346,"{}",15,7,"{""name"":""rect"",""x"":1213,""y"":1291,""width"":621,""height"":66}","{""text"":""Gfn. v. HALLERMUND.""}"
101-saae-019.jpg,1581346,"{}",15,8,"{""name"":""rect"",""x"":2269,""y"":1289,""width"":250,""height"":70}","{""text"":""HEISE.""}"
101-saae-019.jpg,1581346,"{}",15,9,"{""name"":""rect"",""x"":391,""y"":2237,""width"":546,""height"":73}","{""text"":""Gfn. v.HENNEBERG""}"
101-saae-019.jpg,1581346,"{}",15,10,"{""name"":""rect"",""x"":1393,""y"":2237,""width"":422,""height"":78}","{""text"":""HESSLER,II.""}"
101-saae-019.jpg,1581346,"{}",15,11,"{""name"":""rect"",""x"":2106,""y"":2240,""width"":478,""height"":83}","{""text"":""HOYQUESLOT,II.""}"
101-saae-019.jpg,1581346,"{}",15,12,"{""name"":""rect"",""x"":573,""y"":3191,""width"":386,""height"":90}","{""text"":""KANNE, II.""}"
101-saae-019.jpg,1581346,"{}",15,13,"{""name"":""rect"",""x"":1371,""y"":3193,""width"":386,""height"":80}","{""text"":""KANNE, II.""}"
101-saae-019.jpg,1581346,"{}",15,14,"{""name"":""rect"",""x"":1985,""y"":3189,""width"":738,""height"":85}","{""text"":""KELLNER v. ZINNENDORF, II.""}"